"Table 5.3 Educational attainment for workers 25 years and older by detailed occupation, 2018-19",,,,,,,,
2021 National Employment Matrix title,2021 National Employment Matrix code,Less than high school diploma,High school diploma or equivalent,"Some college, no degree",Associate's degree,Bachelor's degree,Master's degree,Doctoral or professional degree
"Total, all occupations",00-0000,8.0,23.6,20.2,9.6,23.7,10.6,4.4
Chief executives(1),11-1011,1.5,8.3,14.2,5.1,40.5,23.7,6.7
General and operations managers,11-1021,2.6,17.0,24.8,9.8,33.0,11.1,1.6
Legislators(1),11-1031,1.5,8.3,14.2,5.1,40.5,23.7,6.7
Advertising and promotions managers,11-2011,0.8,3.9,10.8,6.0,63.6,12.8,2.1
Marketing managers,11-2021,0.7,3.8,9.3,5.0,55.8,23.5,2.0
Sales managers,11-2022,1.3,10.8,19.6,9.0,46.2,11.9,1.2
Public relations managers(1),11-2032,0.2,3.0,5.2,4.3,54.6,28.7,3.9
Fundraising managers(1),11-2033,0.2,3.0,5.2,4.3,54.6,28.7,3.9
Administrative services managers,11-3012,1.0,13.7,20.0,12.4,34.4,16.3,2.1
Facilities managers,11-3013,3.1,20.2,25.7,11.8,30.2,7.8,1.2
Computer and information systems managers,11-3021,0.4,4.1,13.1,7.7,45.8,25.9,2.9
Financial managers,11-3031,1.0,10.1,17.5,7.3,42.1,19.6,2.3
Industrial production managers,11-3051,4.1,20.4,20.3,8.9,32.5,12.5,1.3
Purchasing managers,11-3061,1.3,11.4,16.9,8.2,40.7,18.7,2.7
"Transportation, storage, and distribution managers",11-3071,5.9,29.4,25.6,9.9,22.1,6.5,0.6
Compensation and benefits managers,11-3111,0.6,8.5,15.0,5.6,49.3,18.8,2.3
Human resources managers,11-3121,2.1,9.9,16.0,7.6,40.7,20.9,2.8
Training and development managers,11-3131,1.0,7.2,15.3,7.2,39.8,25.3,4.3
"Farmers, ranchers, and other agricultural managers",11-9013,10.8,32.5,19.6,11.3,21.3,3.6,1.0
Construction managers,11-9021,6.6,26.6,22.9,9.1,27.9,5.9,1.0
"Education and childcare administrators, preschool and daycare(1)",11-9031,0.7,4.9,7.2,4.4,25.3,43.3,14.3
"Education administrators, kindergarten through secondary(1)",11-9032,0.7,4.9,7.2,4.4,25.3,43.3,14.3
"Education administrators, postsecondary(1)",11-9033,0.7,4.9,7.2,4.4,25.3,43.3,14.3
"Education administrators, all other(1)",11-9039,0.7,4.9,7.2,4.4,25.3,43.3,14.3
Architectural and engineering managers,11-9041,0.4,4.3,7.0,4.8,47.1,30.6,5.8
Food service managers,11-9051,9.2,28.5,26.2,9.9,21.9,3.5,0.7
Gambling managers(1),11-9071,2.8,17.8,27.3,11.0,28.8,11.5,0.9
"Entertainment and recreation managers, except gambling(1)",11-9072,2.8,17.8,27.3,11.0,28.8,11.5,0.9
Lodging managers,11-9081,4.8,16.7,23.0,10.0,36.1,8.0,1.4
Medical and health services managers,11-9111,1.3,8.4,15.1,11.6,30.9,25.3,7.4
Natural sciences managers,11-9121,0.4,2.8,3.7,3.9,33.8,34.8,20.6
Postmasters and mail superintendents(1),11-9131,3.3,15.3,18.2,7.7,34.5,17.3,3.7
"Property, real estate, and community association managers",11-9141,3.9,19.0,24.0,9.9,31.7,9.0,2.4
Social and community service managers,11-9151,1.0,7.4,13.0,5.7,38.9,28.6,5.4
Emergency management directors,11-9161,0.1,8.0,14.9,9.4,38.2,27.4,2.1
Funeral home managers(1),11-9171,3.3,15.3,18.2,7.7,34.5,17.3,3.7
"Personal service managers, all other(1)",11-9179,3.3,15.3,18.2,7.7,34.5,17.3,3.7
"Managers, all other(1)",11-9199,3.3,15.3,18.2,7.7,34.5,17.3,3.7
"Agents and business managers of artists, performers, and athletes",13-1011,2.7,9.3,19.7,5.8,46.1,11.8,4.7
Buyers and purchasing agents(1),13-1020,2.8,19.9,24.1,10.2,34.2,8.0,0.8
"Claims adjusters, examiners, and investigators(1)",13-1031,1.0,13.9,23.6,11.1,40.5,7.9,2.0
"Insurance appraisers, auto damage(1)",13-1032,1.0,13.9,23.6,11.1,40.5,7.9,2.0
Compliance officers,13-1041,1.2,8.7,16.4,8.9,40.5,18.1,6.2
Cost estimators,13-1051,3.1,21.2,27.4,11.3,31.3,5.3,0.4
Human resources specialists(1),13-1071,1.0,8.6,17.6,8.1,45.7,17.0,2.0
Farm labor contractors(1),13-1074,1.0,8.6,17.6,8.1,45.7,17.0,2.0
Labor relations specialists(1),13-1075,1.0,8.6,17.6,8.1,45.7,17.0,2.0
Logisticians,13-1081,2.3,17.0,23.9,13.3,32.1,10.4,1.0
Project management specialists,13-1082,0.8,6.5,13.1,6.5,46.6,24.0,2.5
Management analysts,13-1111,0.8,4.5,11.1,4.9,43.0,29.1,6.6
"Meeting, convention, and event planners",13-1121,1.5,9.1,14.5,8.0,54.3,11.9,0.6
Fundraisers,13-1131,0.4,2.1,6.1,2.2,51.5,33.4,4.3
"Compensation, benefits, and job analysis specialists",13-1141,0.6,13.5,20.1,12.1,41.0,10.9,1.7
Training and development specialists,13-1151,1.8,13.0,21.8,9.7,33.9,17.3,2.5
Market research analysts and marketing specialists,13-1161,0.6,5.0,10.5,4.6,54.2,22.3,2.9
"Business operations specialists, all other",13-1199,1.3,9.7,17.7,9.3,38.9,19.2,3.9
Accountants and auditors,13-2011,0.0,3.0,5.5,8.0,57.0,23.4,3.0
Property appraisers and assessors,13-2020,0.7,10.3,24.2,9.2,43.9,9.1,2.6
Budget analysts,13-2031,0.4,5.7,9.7,6.0,43.7,31.9,2.6
Credit analysts,13-2041,0.8,10.7,12.5,8.2,49.8,16.1,1.8
Financial and investment analysts,13-2051,0.4,2.6,6.0,2.8,52.2,32.5,3.5
Personal financial advisors,13-2052,0.5,3.3,9.4,4.2,53.5,23.3,5.7
Insurance underwriters,13-2053,1.1,9.7,17.9,8.4,50.5,10.2,2.2
Financial risk specialists(1),13-2054,1.1,8.9,15.4,6.0,41.7,23.1,3.7
Financial examiners,13-2061,0.3,6.4,6.4,5.9,52.2,24.4,4.5
Credit counselors(1),13-2071,0.9,13.1,21.7,10.4,42.3,10.5,1.0
Loan officers(1),13-2072,0.9,13.1,21.7,10.4,42.3,10.5,1.0
"Tax examiners and collectors, and revenue agents",13-2081,1.3,17.0,21.8,10.2,36.3,10.8,2.6
Tax preparers,13-2082,2.5,10.7,21.2,11.1,32.7,15.9,5.9
"Financial specialists, all other(1)",13-2099,1.1,8.9,15.4,6.0,41.7,23.1,3.7
Computer systems analysts,15-1211,0.4,5.2,12.7,8.0,47.5,23.4,2.8
Information security analysts,15-1212,0.8,4.2,16.4,10.1,42.8,23.7,2.0
Computer and information research scientists,15-1221,0.0,0.7,5.0,2.2,34.8,36.6,20.8
Computer network support specialists(1),15-1231,0.9,10.4,24.5,15.5,37.1,10.4,1.2
Computer user support specialists(1),15-1232,0.9,10.4,24.5,15.5,37.1,10.4,1.2
Computer network architects,15-1241,0.8,6.5,21.2,16.2,39.7,14.0,1.5
Database administrators(1),15-1242,0.5,5.9,12.0,7.3,45.4,26.3,2.6
Database architects(1),15-1243,0.5,5.9,12.0,7.3,45.4,26.3,2.6
Network and computer systems administrators,15-1244,0.7,6.2,22.0,16.5,41.2,12.1,1.3
Computer programmers,15-1251,1.0,4.9,12.2,8.0,50.2,21.1,2.5
Software developers,15-1252,0.4,1.9,7.1,4.0,50.9,31.2,4.4
Software quality assurance analysts and testers,15-1253,0.7,3.9,13.1,7.6,51.9,21.3,1.5
Web developers,15-1254,0.7,4.4,14.8,10.0,54.7,14.2,1.2
Web and digital interface designers,15-1255,0.8,5.9,15.0,9.3,53.8,14.1,1.0
"Computer occupations, all other",15-1299,1.3,9.9,21.5,14.0,37.5,14.4,1.4
Actuaries,15-2011,0.0,0.0,2.0,0.4,62.2,23.8,11.7
Mathematicians(1),15-2021,0.4,2.8,6.9,3.8,37.2,35.4,13.5
Operations research analysts,15-2031,0.9,5.7,13.0,6.7,40.0,28.9,4.8
Statisticians(1),15-2041,0.4,2.8,6.9,3.8,37.2,35.4,13.5
Data scientists(1),15-2051,0.4,2.8,6.9,3.8,37.2,35.4,13.5
"Mathematical science occupations, all other(1)",15-2099,0.4,2.8,6.9,3.8,37.2,35.4,13.5
"Architects, except landscape and naval",17-1011,0.3,1.4,4.0,2.8,45.0,37.7,8.8
Landscape architects,17-1012,1.4,4.6,6.8,5.1,56.4,22.2,3.4
Cartographers and photogrammetrists(1),17-1021,0.1,3.4,11.0,12.4,60.0,9.9,3.2
Surveyors(1),17-1022,0.1,3.4,11.0,12.4,60.0,9.9,3.2
Aerospace engineers,17-2011,0.4,1.7,5.2,3.7,49.7,32.6,6.7
Agricultural engineers(1),17-2021,0.3,7.0,4.2,8.1,42.3,26.6,11.6
Bioengineers and biomedical engineers(1),17-2031,0.3,7.0,4.2,8.1,42.3,26.6,11.6
Chemical engineers,17-2041,0.9,3.0,5.0,3.8,58.4,21.7,7.1
Civil engineers,17-2051,0.5,2.6,4.9,4.2,57.7,25.6,4.4
Computer hardware engineers,17-2061,0.1,4.8,8.1,8.7,46.1,26.3,5.9
Electrical engineers(1),17-2071,0.2,3.4,6.6,6.7,50.4,26.4,6.2
"Electronics engineers, except computer(1)",17-2072,0.2,3.4,6.6,6.7,50.4,26.4,6.2
Environmental engineers,17-2081,0.7,3.4,2.6,2.1,48.9,36.6,5.7
"Health and safety engineers, except mining safety engineers and inspectors(1)",17-2111,0.9,6.4,10.5,7.8,51.9,19.7,2.8
Industrial engineers(1),17-2112,0.9,6.4,10.5,7.8,51.9,19.7,2.8
Marine engineers and naval architects,17-2121,2.9,10.1,9.7,3.8,53.7,18.8,0.9
Materials engineers,17-2131,0.6,4.4,9.9,9.2,50.6,19.0,6.4
Mechanical engineers,17-2141,0.8,4.0,6.8,8.9,54.3,21.7,3.6
"Mining and geological engineers, including mining safety engineers(1)",17-2151,1.1,4.2,5.8,3.7,57.2,18.4,9.7
Nuclear engineers(1),17-2161,0.6,3.0,7.1,6.9,49.4,25.7,7.4
Petroleum engineers(1),17-2171,1.1,4.2,5.8,3.7,57.2,18.4,9.7
"Engineers, all other(1)",17-2199,0.6,3.0,7.1,6.9,49.4,25.7,7.4
Architectural and civil drafters,17-3011,1.7,11.1,20.7,31.9,28.2,5.6,0.7
Electrical and electronics drafters(1),17-3012,1.5,10.7,23.6,33.0,24.1,5.5,1.7
Mechanical drafters(1),17-3013,1.5,10.7,23.6,33.0,24.1,5.5,1.7
"Drafters, all other(1)",17-3019,1.5,10.7,23.6,33.0,24.1,5.5,1.7
Aerospace engineering and operations technologists and technicians(1),17-3021,4.1,24.3,30.7,20.1,17.2,2.9,0.8
Civil engineering technologists and technicians(1),17-3022,4.1,24.3,30.7,20.1,17.2,2.9,0.8
Electrical and electronic engineering technologists and technicians,17-3023,2.5,17.9,33.1,29.9,14.0,2.3,0.3
Electro-mechanical and mechatronics technologists and technicians(1),17-3024,4.1,24.3,30.7,20.1,17.2,2.9,0.8
Environmental engineering technologists and technicians(1),17-3025,4.1,24.3,30.7,20.1,17.2,2.9,0.8
Industrial engineering technologists and technicians(1),17-3026,4.1,24.3,30.7,20.1,17.2,2.9,0.8
Mechanical engineering technologists and technicians(1),17-3027,4.1,24.3,30.7,20.1,17.2,2.9,0.8
Calibration technologists and technicians(1),17-3028,4.1,24.3,30.7,20.1,17.2,2.9,0.8
"Engineering technologists and technicians, except drafters, all other(1)",17-3029,4.1,24.3,30.7,20.1,17.2,2.9,0.8
Surveying and mapping technicians,17-3031,4.6,29.8,33.4,22.4,8.1,1.2,0.5
Animal scientists(1),19-1011,0.0,0.0,0.0,0.0,60.4,26.8,12.8
Food scientists and technologists(1),19-1012,0.0,0.0,0.0,0.0,60.4,26.8,12.8
Soil and plant scientists(1),19-1013,0.0,0.0,0.0,0.0,60.4,26.8,12.8
Biochemists and biophysicists(1),19-1021,0.0,0.0,0.0,0.0,46.4,30.8,22.8
Microbiologists(1),19-1022,0.0,0.0,0.0,0.0,46.4,30.8,22.8
Zoologists and wildlife biologists(1),19-1023,0.0,0.0,0.0,0.0,46.4,30.8,22.8
"Biological scientists, all other(1)",19-1029,0.0,0.0,0.0,0.0,46.4,30.8,22.8
Conservation scientists(1),19-1031,0.0,0.0,0.0,0.0,76.2,18.7,5.1
Foresters(1),19-1032,0.0,0.0,0.0,0.0,76.2,18.7,5.1
Epidemiologists(1),19-1041,0.8,0.4,0.6,0.5,23.2,25.3,49.2
"Medical scientists, except epidemiologists(1)",19-1042,0.8,0.4,0.6,0.5,23.2,25.3,49.2
"Life scientists, all other(1)",19-1099,0.8,0.4,0.6,0.5,23.2,25.3,49.2
Astronomers(1),19-2011,0.0,0.0,0.0,0.0,19.8,19.5,60.8
Physicists(1),19-2012,0.0,0.0,0.0,0.0,19.8,19.5,60.8
Atmospheric and space scientists,19-2021,0.0,0.3,4.2,3.9,58.4,23.3,10.1
Chemists(1),19-2031,0.1,1.4,2.3,1.9,51.2,22.7,20.3
Materials scientists(1),19-2032,0.1,1.4,2.3,1.9,51.2,22.7,20.3
"Environmental scientists and specialists, including health",19-2041,0.0,0.0,0.0,0.0,61.9,30.8,7.3
"Geoscientists, except hydrologists and geographers(1)",19-2042,0.0,0.0,0.0,0.0,45.2,41.0,13.9
Hydrologists(1),19-2043,0.0,0.0,0.0,0.0,45.2,41.0,13.9
"Physical scientists, all other",19-2099,0.0,0.0,0.0,0.0,26.2,22.9,50.9
Economists,19-3011,0.0,0.0,0.0,0.0,26.1,37.7,36.3
Survey researchers(1),19-3022,0.7,1.5,6.0,4.0,32.8,38.8,16.1
Industrial-organizational psychologists(1),19-3032,0.0,0.0,0.0,0.0,8.5,39.7,51.9
Clinical and counseling psychologists,19-3033,0.0,0.0,0.0,0.0,10.5,23.4,66.2
School psychologists,19-3034,0.0,0.0,0.0,0.0,8.0,56.4,35.6
"Psychologists, all other(1)",19-3039,0.0,0.0,0.0,0.0,8.5,39.7,51.9
Sociologists(1),19-3041,0.7,1.5,6.0,4.0,32.8,38.8,16.1
Urban and regional planners,19-3051,0.0,0.0,0.0,0.0,43.1,52.7,4.2
Anthropologists and archeologists(1),19-3091,0.7,1.5,6.0,4.0,32.8,38.8,16.1
Geographers(1),19-3092,0.7,1.5,6.0,4.0,32.8,38.8,16.1
Historians(1),19-3093,0.7,1.5,6.0,4.0,32.8,38.8,16.1
Political scientists(1),19-3094,0.7,1.5,6.0,4.0,32.8,38.8,16.1
"Social scientists and related workers, all other(1)",19-3099,0.7,1.5,6.0,4.0,32.8,38.8,16.1
Agricultural technicians(1),19-4012,9.7,24.9,21.4,15.0,22.9,4.5,1.6
Food science technicians(1),19-4013,9.7,24.9,21.4,15.0,22.9,4.5,1.6
Biological technicians,19-4021,4.1,18.1,19.8,17.5,27.5,8.6,4.4
Chemical technicians,19-4031,2.8,24.1,22.9,11.2,31.3,5.4,2.3
"Environmental science and protection technicians, including health(1)",19-4042,2.3,20.6,21.4,12.5,34.0,7.8,1.5
"Geological technicians, except hydrologic technicians(1)",19-4043,2.3,20.6,21.4,12.5,34.0,7.8,1.5
Hydrologic technicians(1),19-4044,2.3,20.6,21.4,12.5,34.0,7.8,1.5
Nuclear technicians(1),19-4051,2.3,20.6,21.4,12.5,34.0,7.8,1.5
Social science research assistants(1),19-4061,2.9,14.5,23.5,13.7,31.1,10.9,3.5
Forest and conservation technicians(1),19-4071,2.9,14.5,23.5,13.7,31.1,10.9,3.5
Forensic science technicians(1),19-4092,2.9,14.5,23.5,13.7,31.1,10.9,3.5
"Life, physical, and social science technicians, all other(1)",19-4099,2.9,14.5,23.5,13.7,31.1,10.9,3.5
Occupational health and safety specialists(1),19-5011,1.9,16.8,19.8,9.6,35.6,14.9,1.4
Occupational health and safety technicians(1),19-5012,1.9,16.8,19.8,9.6,35.6,14.9,1.4
"Educational, guidance, and career counselors and advisors",21-1012,0.8,4.1,5.0,2.3,22.1,60.5,5.2
Marriage and family therapists,21-1013,0.6,4.1,4.6,3.9,17.0,61.8,7.9
Rehabilitation counselors,21-1015,1.4,8.6,11.7,9.7,28.4,36.6,3.6
"Substance abuse, behavioral disorder, and mental health counselors(1)",21-1018,0.9,3.7,7.7,5.5,26.1,51.8,4.3
"Counselors, all other",21-1019,1.1,7.0,10.9,5.9,26.9,41.9,6.4
"Child, family, and school social workers",21-1021,1.7,5.6,9.8,6.3,38.3,36.6,1.7
Healthcare social workers,21-1022,3.1,12.3,16.0,8.8,27.2,30.5,2.2
Mental health and substance abuse social workers,21-1023,0.0,1.9,3.8,0.9,12.9,75.0,5.5
"Social workers, all other",21-1029,1.0,3.9,7.4,5.8,41.5,38.3,2.2
Health education specialists(1),21-1091,2.1,11.3,16.2,9.2,37.2,20.2,3.7
Probation officers and correctional treatment specialists,21-1092,1.1,2.6,7.9,3.8,65.1,17.6,1.8
Social and human service assistants,21-1093,2.2,14.1,21.5,12.0,34.6,14.0,1.6
Community health workers(1),21-1094,2.1,11.3,16.2,9.2,37.2,20.2,3.7
"Community and social service specialists, all other(1)",21-1099,2.1,11.3,16.2,9.2,37.2,20.2,3.7
Clergy,21-2011,2.2,6.1,10.6,4.9,25.6,35.4,15.1
"Directors, religious activities and education",21-2021,1.5,7.7,16.8,9.0,39.9,21.2,3.9
"Religious workers, all other",21-2099,2.0,14.1,19.0,9.0,32.5,19.1,4.3
Lawyers(1),23-1011,0.2,0.5,0.7,0.4,5.5,4.0,88.6
Judicial law clerks,23-1012,0.0,2.8,8.5,6.2,13.8,6.1,62.6
"Administrative law judges, adjudicators, and hearing officers(1)",23-1021,0.2,0.5,0.7,0.4,5.5,4.0,88.6
"Arbitrators, mediators, and conciliators(1)",23-1022,0.2,0.5,0.7,0.4,5.5,4.0,88.6
"Judges, magistrate judges, and magistrates(1)",23-1023,0.2,0.5,0.7,0.4,5.5,4.0,88.6
Paralegals and legal assistants,23-2011,0.7,10.6,22.8,19.6,36.0,7.2,3.1
"Title examiners, abstractors, and searchers",23-2093,3.1,23.1,26.8,12.1,25.0,5.8,4.2
"Legal support workers, all other",23-2099,2.1,11.1,17.2,7.9,42.8,11.7,7.2
"Business teachers, postsecondary(1)",25-1011,0.6,1.4,2.0,1.8,14.6,32.1,47.4
"Computer science teachers, postsecondary(1)",25-1021,0.6,1.4,2.0,1.8,14.6,32.1,47.4
"Mathematical science teachers, postsecondary(1)",25-1022,0.6,1.4,2.0,1.8,14.6,32.1,47.4
"Architecture teachers, postsecondary(1)",25-1031,0.6,1.4,2.0,1.8,14.6,32.1,47.4
"Engineering teachers, postsecondary(1)",25-1032,0.6,1.4,2.0,1.8,14.6,32.1,47.4
"Agricultural sciences teachers, postsecondary(1)",25-1041,0.6,1.4,2.0,1.8,14.6,32.1,47.4
"Biological science teachers, postsecondary(1)",25-1042,0.6,1.4,2.0,1.8,14.6,32.1,47.4
"Forestry and conservation science teachers, postsecondary(1)",25-1043,0.6,1.4,2.0,1.8,14.6,32.1,47.4
"Atmospheric, earth, marine, and space sciences teachers, postsecondary(1)",25-1051,0.6,1.4,2.0,1.8,14.6,32.1,47.4
"Chemistry teachers, postsecondary(1)",25-1052,0.6,1.4,2.0,1.8,14.6,32.1,47.4
"Environmental science teachers, postsecondary(1)",25-1053,0.6,1.4,2.0,1.8,14.6,32.1,47.4
"Physics teachers, postsecondary(1)",25-1054,0.6,1.4,2.0,1.8,14.6,32.1,47.4
"Anthropology and archeology teachers, postsecondary(1)",25-1061,0.6,1.4,2.0,1.8,14.6,32.1,47.4
"Area, ethnic, and cultural studies teachers, postsecondary(1)",25-1062,0.6,1.4,2.0,1.8,14.6,32.1,47.4
"Economics teachers, postsecondary(1)",25-1063,0.6,1.4,2.0,1.8,14.6,32.1,47.4
"Geography teachers, postsecondary(1)",25-1064,0.6,1.4,2.0,1.8,14.6,32.1,47.4
"Political science teachers, postsecondary(1)",25-1065,0.6,1.4,2.0,1.8,14.6,32.1,47.4
"Psychology teachers, postsecondary(1)",25-1066,0.6,1.4,2.0,1.8,14.6,32.1,47.4
"Sociology teachers, postsecondary(1)",25-1067,0.6,1.4,2.0,1.8,14.6,32.1,47.4
"Social sciences teachers, postsecondary, all other(1)",25-1069,0.6,1.4,2.0,1.8,14.6,32.1,47.4
"Health specialties teachers, postsecondary(1)",25-1071,0.6,1.4,2.0,1.8,14.6,32.1,47.4
"Nursing instructors and teachers, postsecondary(1)",25-1072,0.6,1.4,2.0,1.8,14.6,32.1,47.4
"Education teachers, postsecondary(1)",25-1081,0.6,1.4,2.0,1.8,14.6,32.1,47.4
"Library science teachers, postsecondary(1)",25-1082,0.6,1.4,2.0,1.8,14.6,32.1,47.4
"Criminal justice and law enforcement teachers, postsecondary(1)",25-1111,0.6,1.4,2.0,1.8,14.6,32.1,47.4
"Law teachers, postsecondary(1)",25-1112,0.6,1.4,2.0,1.8,14.6,32.1,47.4
"Social work teachers, postsecondary(1)",25-1113,0.6,1.4,2.0,1.8,14.6,32.1,47.4
"Art, drama, and music teachers, postsecondary(1)",25-1121,0.6,1.4,2.0,1.8,14.6,32.1,47.4
"Communications teachers, postsecondary(1)",25-1122,0.6,1.4,2.0,1.8,14.6,32.1,47.4
"English language and literature teachers, postsecondary(1)",25-1123,0.6,1.4,2.0,1.8,14.6,32.1,47.4
"Foreign language and literature teachers, postsecondary(1)",25-1124,0.6,1.4,2.0,1.8,14.6,32.1,47.4
"History teachers, postsecondary(1)",25-1125,0.6,1.4,2.0,1.8,14.6,32.1,47.4
"Philosophy and religion teachers, postsecondary(1)",25-1126,0.6,1.4,2.0,1.8,14.6,32.1,47.4
"Family and consumer sciences teachers, postsecondary(1)",25-1192,0.6,1.4,2.0,1.8,14.6,32.1,47.4
"Recreation and fitness studies teachers, postsecondary(1)",25-1193,0.6,1.4,2.0,1.8,14.6,32.1,47.4
"Career/technical education teachers, postsecondary(1)",25-1194,0.6,1.4,2.0,1.8,14.6,32.1,47.4
"Postsecondary teachers, all other(1)",25-1199,0.6,1.4,2.0,1.8,14.6,32.1,47.4
"Preschool teachers, except special education(1)",25-2011,1.5,12.5,20.5,13.5,35.3,15.4,1.2
"Kindergarten teachers, except special education(1)",25-2012,1.5,12.5,20.5,13.5,35.3,15.4,1.2
"Elementary school teachers, except special education(1)",25-2021,0.0,0.0,3.1,2.3,43.6,46.8,4.2
"Middle school teachers, except special and career/technical education(1)",25-2022,0.0,0.0,3.1,2.3,43.6,46.8,4.2
"Career/technical education teachers, middle school(1)",25-2023,0.0,0.0,3.1,2.3,43.6,46.8,4.2
"Secondary school teachers, except special and career/technical education(1)",25-2031,0.0,0.0,2.2,1.5,40.2,51.0,5.0
"Career/technical education teachers, secondary school(1)",25-2032,0.0,0.0,2.2,1.5,40.2,51.0,5.0
"Special education teachers, preschool(1)",25-2051,0.3,3.9,5.3,3.5,33.4,50.1,3.5
"Special education teachers, kindergarten and elementary school(1)",25-2052,0.3,3.9,5.3,3.5,33.4,50.1,3.5
"Special education teachers, middle school(1)",25-2057,0.3,3.9,5.3,3.5,33.4,50.1,3.5
"Special education teachers, secondary school(1)",25-2058,0.3,3.9,5.3,3.5,33.4,50.1,3.5
"Special education teachers, all other(1)",25-2059,0.3,3.9,5.3,3.5,33.4,50.1,3.5
"Adult basic education, adult secondary education, and english as a second language instructors(1)",25-3011,2.0,10.9,17.7,8.6,36.0,20.2,4.6
Self-enrichment teachers(1),25-3021,2.0,10.9,17.7,8.6,36.0,20.2,4.6
"Substitute teachers, short-term(1)",25-3031,2.0,10.9,17.7,8.6,36.0,20.2,4.6
Tutors,25-3041,0.8,3.9,10.0,7.2,43.6,29.2,5.3
"Teachers and instructors, all other(1)",25-3099,2.0,10.9,17.7,8.6,36.0,20.2,4.6
Archivists(1),25-4011,1.6,6.1,9.1,4.0,36.1,36.3,6.8
Curators(1),25-4012,1.6,6.1,9.1,4.0,36.1,36.3,6.8
Museum technicians and conservators(1),25-4013,1.6,6.1,9.1,4.0,36.1,36.3,6.8
Librarians and media collections specialists,25-4022,0.2,2.0,7.5,4.4,23.0,57.7,5.2
Library technicians,25-4031,2.0,31.8,18.5,8.1,27.5,11.0,1.0
Farm and home management educators(1),25-9021,0.7,4.1,7.6,4.5,28.0,45.6,9.4
Instructional coordinators(1),25-9031,0.7,4.1,7.6,4.5,28.0,45.6,9.4
"Teaching assistants, postsecondary(1)",25-9044,4.2,25.7,24.4,14.4,22.8,7.1,1.4
"Teaching assistants, except postsecondary(1)",25-9045,4.2,25.7,24.4,14.4,22.8,7.1,1.4
"Educational instruction and library workers, all other(1)",25-9099,0.7,4.1,7.6,4.5,28.0,45.6,9.4
Art directors(1),27-1011,2.7,11.6,18.9,8.2,43.6,13.4,1.6
Craft artists(1),27-1012,2.7,11.6,18.9,8.2,43.6,13.4,1.6
"Fine artists, including painters, sculptors, and illustrators(1)",27-1013,2.7,11.6,18.9,8.2,43.6,13.4,1.6
Special effects artists and animators(1),27-1014,2.7,11.6,18.9,8.2,43.6,13.4,1.6
"Artists and related workers, all other(1)",27-1019,2.7,11.6,18.9,8.2,43.6,13.4,1.6
Commercial and industrial designers,27-1021,2.0,5.2,14.9,5.5,58.7,12.5,1.2
Fashion designers,27-1022,2.9,7.0,12.5,13.8,54.8,7.7,1.4
Floral designers,27-1023,10.2,36.1,22.3,10.1,17.6,3.0,0.7
Graphic designers,27-1024,1.3,5.4,13.8,12.3,58.8,7.1,1.3
Interior designers,27-1025,1.2,6.3,14.4,12.2,54.0,9.5,2.4
Merchandise displayers and window trimmers,27-1026,3.8,31.4,26.9,7.2,24.9,5.2,0.6
Set and exhibit designers(1),27-1027,1.8,7.6,16.1,13.1,45.6,13.4,2.5
"Designers, all other(1)",27-1029,1.8,7.6,16.1,13.1,45.6,13.4,2.5
Actors,27-2011,2.1,14.0,16.5,5.4,47.9,13.2,0.9
Producers and directors,27-2012,0.5,5.3,13.1,5.6,58.3,15.0,2.1
Athletes and sports competitors,27-2021,2.3,13.7,20.6,9.7,47.8,4.7,1.2
Coaches and scouts,27-2022,1.4,9.8,16.6,6.3,40.4,22.9,2.6
"Umpires, referees, and other sports officials",27-2023,4.3,13.8,24.6,8.1,27.3,17.9,4.0
Dancers(1),27-2031,4.4,36.9,21.6,7.7,24.1,4.9,0.5
Choreographers(1),27-2032,4.4,36.9,21.6,7.7,24.1,4.9,0.5
Music directors and composers,27-2041,1.4,7.9,15.3,4.3,41.4,24.8,4.9
Musicians and singers,27-2042,4.6,13.1,22.2,5.7,30.3,19.5,4.6
"Disc jockeys, except radio",27-2091,5.0,31.8,36.2,6.3,15.4,4.2,1.1
"Entertainers and performers, sports and related workers, all other",27-2099,3.1,17.7,23.3,6.9,38.7,7.0,3.3
Broadcast announcers and radio disc jockeys,27-3011,2.2,12.9,21.7,10.6,42.3,9.1,1.3
"News analysts, reporters, and journalists",27-3023,0.8,2.6,7.9,3.9,60.0,21.3,3.5
Public relations specialists,27-3031,0.3,3.2,8.4,4.7,56.5,22.7,4.2
Editors,27-3041,1.1,3.4,8.5,4.0,54.3,23.2,5.5
Technical writers,27-3042,0.5,4.8,9.9,7.1,46.6,22.8,8.2
Writers and authors,27-3043,0.7,3.3,8.5,3.2,49.8,26.3,8.2
Interpreters and translators,27-3091,2.3,9.3,19.5,13.3,34.8,16.8,4.1
Court reporters and simultaneous captioners,27-3092,1.2,14.1,32.7,37.3,11.8,1.8,1.2
"Media and communication workers, all other",27-3099,1.0,7.0,18.5,7.9,46.3,17.7,1.5
Audio and video technicians(1),27-4011,1.8,14.2,24.4,13.6,39.0,6.1,1.0
Broadcast technicians(1),27-4012,1.8,14.2,24.4,13.6,39.0,6.1,1.0
Sound engineering technicians(1),27-4014,1.8,14.2,24.4,13.6,39.0,6.1,1.0
Lighting technicians(1),27-4015,1.8,14.2,24.4,13.6,39.0,6.1,1.0
Photographers,27-4021,1.9,11.5,22.0,11.9,44.0,7.7,1.1
"Camera operators, television, video, and film(1)",27-4031,1.3,8.4,18.0,8.1,54.0,9.4,0.8
Film and video editors(1),27-4032,1.3,8.4,18.0,8.1,54.0,9.4,0.8
"Media and communication equipment workers, all other(1)",27-4099,1.8,14.2,24.4,13.6,39.0,6.1,1.0
Chiropractors,29-1011,0.2,1.4,1.3,0.6,4.9,2.4,89.2
"Dentists, general(1)",29-1021,0.0,0.0,0.0,0.0,0.0,2.5,97.5
Oral and maxillofacial surgeons(1),29-1022,0.0,0.0,0.0,0.0,0.0,2.5,97.5
Orthodontists(1),29-1023,0.0,0.0,0.0,0.0,0.0,2.5,97.5
Prosthodontists(1),29-1024,0.0,0.0,0.0,0.0,0.0,2.5,97.5
"Dentists, all other specialists(1)",29-1029,0.0,0.0,0.0,0.0,0.0,2.5,97.5
Dietitians and nutritionists,29-1031,2.3,9.4,6.4,3.7,41.6,29.6,6.9
Optometrists,29-1041,0.0,0.0,0.0,0.0,0.0,3.7,96.3
Pharmacists,29-1051,0.0,0.0,1.6,0.9,27.4,5.9,64.1
Physician assistants,29-1071,0.8,2.7,2.7,3.1,17.1,58.4,15.3
Podiatrists,29-1081,0.0,0.0,0.0,0.0,0.0,2.3,97.7
Occupational therapists,29-1122,0.4,0.6,0.9,4.5,35.0,52.9,5.7
Physical therapists,29-1123,0.4,1.0,0.9,2.9,28.1,23.0,43.8
Radiation therapists,29-1124,0.2,0.8,8.3,34.7,45.0,7.7,3.3
Recreational therapists,29-1125,2.2,15.5,9.7,4.8,53.2,12.9,1.8
Respiratory therapists,29-1126,0.8,2.7,10.5,54.9,25.6,4.4,1.2
Speech-language pathologists,29-1127,0.5,0.7,0.8,1.4,9.8,83.7,3.1
Exercise physiologists(1),29-1128,0.4,2.9,3.6,5.6,24.4,56.0,7.1
"Therapists, all other(1)",29-1129,0.4,2.9,3.6,5.6,24.4,56.0,7.1
Veterinarians,29-1131,0.0,0.0,0.0,0.0,0.0,2.5,97.5
Registered nurses,29-1141,0.4,0.9,3.8,29.9,52.4,10.2,2.3
Nurse anesthetists,29-1151,0.8,0.1,0.4,1.3,10.2,72.1,15.1
Nurse midwives(1),29-1161,0.2,0.6,0.6,0.7,6.8,74.5,16.6
Nurse practitioners(1),29-1171,0.2,0.6,0.6,0.7,6.8,74.5,16.6
Audiologists,29-1181,0.0,1.2,3.0,1.2,9.3,17.6,67.7
Anesthesiologists(1),29-1211,0.0,0.0,0.0,0.0,0.0,0.0,100.0
Cardiologists(1),29-1212,0.0,0.0,0.0,0.0,0.0,0.0,100.0
Dermatologists(1),29-1213,0.0,0.0,0.0,0.0,0.0,0.0,100.0
Emergency medicine physicians(1),29-1214,0.0,0.0,0.0,0.0,0.0,0.0,100.0
Family medicine physicians(1),29-1215,0.0,0.0,0.0,0.0,0.0,0.0,100.0
General internal medicine physicians(1),29-1216,0.0,0.0,0.0,0.0,0.0,0.0,100.0
Neurologists(1),29-1217,0.0,0.0,0.0,0.0,0.0,0.0,100.0
Obstetricians and gynecologists(1),29-1218,0.0,0.0,0.0,0.0,0.0,0.0,100.0
"Pediatricians, general(1)",29-1221,0.0,0.0,0.0,0.0,0.0,0.0,100.0
"Physicians, pathologists(1)",29-1222,0.0,0.0,0.0,0.0,0.0,0.0,100.0
Psychiatrists(1),29-1223,0.0,0.0,0.0,0.0,0.0,0.0,100.0
Radiologists(1),29-1224,0.0,0.0,0.0,0.0,0.0,0.0,100.0
"Physicians, all other(1)",29-1229,0.0,0.0,0.0,0.0,0.0,0.0,100.0
"Ophthalmologists, except pediatric(1)",29-1241,0.0,0.0,0.0,0.0,0.0,0.0,100.0
"Orthopedic surgeons, except pediatric(1)",29-1242,0.0,0.0,0.0,0.0,0.0,0.0,100.0
Pediatric surgeons(1),29-1243,0.0,0.0,0.0,0.0,0.0,0.0,100.0
"Surgeons, all other(1)",29-1249,0.0,0.0,0.0,0.0,0.0,0.0,100.0
Acupuncturists,29-1291,1.1,1.4,2.6,1.2,13.3,51.0,29.5
Dental hygienists,29-1292,0.6,2.7,8.3,50.5,32.0,3.0,2.7
"Healthcare diagnosing or treating practitioners, all other",29-1299,1.7,3.1,19.2,5.6,26.6,19.5,24.2
Clinical laboratory technologists and technicians,29-2010,1.3,10.3,21.7,18.6,38.0,6.9,3.3
Cardiovascular technologists and technicians,29-2031,2.0,15.6,25.2,16.5,28.2,11.0,1.5
Diagnostic medical sonographers,29-2032,1.2,4.3,12.6,35.7,36.1,7.1,3.0
Nuclear medicine technologists(1),29-2033,2.6,2.4,6.8,19.8,52.2,13.4,2.8
Radiologic technologists and technicians,29-2034,1.1,5.0,16.1,51.8,22.3,3.0,0.8
Magnetic resonance imaging technologists,29-2035,1.4,6.9,11.5,36.9,33.3,8.4,1.7
Medical dosimetrists(1),29-2036,2.6,2.4,6.8,19.8,52.2,13.4,2.8
Emergency medical technicians,29-2042,1.2,16.5,44.2,18.4,16.2,2.7,0.8
Paramedics,29-2043,0.4,7.5,41.2,28.4,17.3,2.4,2.8
Dietetic technicians(1),29-2051,8.8,38.7,26.7,13.8,10.4,1.1,0.5
Pharmacy technicians,29-2052,1.1,27.3,35.5,16.9,15.8,2.4,1.0
Psychiatric technicians,29-2053,0.9,14.8,29.1,12.6,33.0,8.8,0.8
Surgical technologists,29-2055,1.2,12.2,32.7,40.5,11.9,1.1,0.5
Veterinary technologists and technicians,29-2056,1.7,15.7,23.5,32.8,22.6,2.3,1.3
Ophthalmic medical technicians(1),29-2057,8.8,38.7,26.7,13.8,10.4,1.1,0.5
Licensed practical and licensed vocational nurses,29-2061,1.4,22.2,53.7,17.7,3.9,0.7,0.5
Medical records specialists,29-2072,0.9,19.1,32.5,26.6,17.3,2.9,0.7
"Opticians, dispensing",29-2081,2.3,25.2,32.1,17.5,19.5,1.8,1.6
Orthotists and prosthetists(1),29-2091,2.2,17.9,30.5,17.9,22.2,6.1,3.1
Hearing aid specialists(1),29-2092,2.2,17.9,30.5,17.9,22.2,6.1,3.1
"Health technologists and technicians, all other(1)",29-2099,2.2,17.9,30.5,17.9,22.2,6.1,3.1
Health information technologists and medical registrars(1),29-9021,1.0,5.3,12.0,8.4,34.2,34.6,4.5
Athletic trainers(1),29-9091,1.0,5.3,12.0,8.4,34.2,34.6,4.5
Genetic counselors(1),29-9092,1.0,5.3,12.0,8.4,34.2,34.6,4.5
Surgical assistants(1),29-9093,1.0,5.3,12.0,8.4,34.2,34.6,4.5
"Healthcare practitioners and technical workers, all other(1)",29-9099,1.0,5.3,12.0,8.4,34.2,34.6,4.5
Home health and personal care aides(1),31-1120,16.4,35.8,25.6,9.1,10.1,2.3,0.7
Nursing assistants,31-1131,10.0,36.6,32.9,11.4,7.3,1.1,0.6
Orderlies(1),31-1132,5.4,30.6,34.0,13.0,13.4,3.2,0.6
Psychiatric aides(1),31-1133,5.4,30.6,34.0,13.0,13.4,3.2,0.6
Occupational therapy assistants(1),31-2011,2.2,12.3,16.0,48.6,16.3,4.0,0.5
Occupational therapy aides(1),31-2012,2.2,12.3,16.0,48.6,16.3,4.0,0.5
Physical therapist assistants(1),31-2021,1.5,5.3,10.4,50.5,28.1,2.6,1.7
Physical therapist aides(1),31-2022,1.5,5.3,10.4,50.5,28.1,2.6,1.7
Massage therapists,31-9011,3.0,20.6,33.2,18.5,19.3,3.4,1.9
Dental assistants,31-9091,2.9,27.0,37.3,19.8,10.2,1.2,1.7
Medical assistants,31-9092,2.0,20.3,39.9,24.6,10.2,1.9,1.2
Medical equipment preparers(1),31-9093,6.6,30.1,30.2,12.1,15.7,3.9,1.4
Medical transcriptionists,31-9094,1.2,16.4,32.3,17.1,24.3,5.2,3.5
Pharmacy aides,31-9095,3.8,27.5,24.8,15.4,18.9,2.3,7.1
Veterinary assistants and laboratory animal caretakers,31-9096,4.0,23.9,27.8,13.0,27.1,3.2,1.0
Phlebotomists,31-9097,2.0,24.6,42.8,18.1,10.8,1.5,0.2
"Healthcare support workers, all other(1)",31-9099,6.6,30.1,30.2,12.1,15.7,3.9,1.4
First-line supervisors of correctional officers,33-1011,1.5,25.1,31.1,12.7,22.7,6.6,0.4
First-line supervisors of police and detectives,33-1012,0.4,11.8,25.2,16.1,32.1,12.9,1.5
First-line supervisors of firefighting and prevention workers,33-1021,0.7,12.3,31.3,22.0,25.3,7.7,0.7
First-line supervisors of security workers(1),33-1091,2.1,21.6,28.8,11.9,24.7,9.2,1.7
"First-line supervisors of protective service workers, all other(1)",33-1099,2.1,21.6,28.8,11.9,24.7,9.2,1.7
Firefighters,33-2011,0.7,14.4,37.3,22.6,21.8,2.6,0.6
Fire inspectors and investigators(1),33-2021,4.0,20.7,30.1,16.7,22.2,5.0,1.3
Forest fire inspectors and prevention specialists(1),33-2022,4.0,20.7,30.1,16.7,22.2,5.0,1.3
Bailiffs,33-3011,0.7,20.0,27.0,14.0,29.1,7.0,2.3
Correctional officers and jailers,33-3012,0.9,30.9,34.6,14.5,16.0,2.8,0.4
Detectives and criminal investigators,33-3021,0.5,8.5,20.9,11.2,41.5,14.7,2.7
Fish and game wardens(1),33-3031,1.1,19.5,27.3,17.1,30.6,3.9,0.6
Parking enforcement workers(1),33-3041,1.1,19.5,27.3,17.1,30.6,3.9,0.6
Police and sheriff's patrol officers(1),33-3051,0.7,12.4,30.3,17.1,32.1,6.5,0.8
Transit and railroad police(1),33-3052,0.7,12.4,30.3,17.1,32.1,6.5,0.8
Animal control workers,33-9011,2.2,30.1,33.3,10.7,21.6,1.8,0.3
Private detectives and investigators,33-9021,0.6,11.8,20.1,11.4,38.2,14.1,3.8
Gambling surveillance officers and gambling investigators(1),33-9031,5.9,35.4,30.4,10.9,13.9,3.1,0.5
Security guards(1),33-9032,5.9,35.4,30.4,10.9,13.9,3.1,0.5
Crossing guards and flaggers,33-9091,14.7,44.5,24.5,6.5,7.9,1.4,0.6
"Lifeguards, ski patrol, and other recreational protective service workers(1)",33-9092,1.9,19.0,26.2,9.9,32.4,9.4,1.2
Transportation security screeners,33-9093,1.8,20.5,32.4,12.7,25.4,6.4,0.8
School bus monitors,33-9094,16.1,45.3,23.8,8.4,4.8,1.5,0.1
"Protective service workers, all other(1)",33-9099,1.9,19.0,26.2,9.9,32.4,9.4,1.2
Chefs and head cooks,35-1011,16.2,30.3,21.6,16.2,13.5,1.7,0.6
First-line supervisors of food preparation and serving workers,35-1012,11.3,36.3,27.9,9.6,12.8,1.7,0.4
"Cooks, fast food(1)",35-2011,27.3,41.9,18.5,6.1,5.4,0.7,0.2
"Cooks, institution and cafeteria(1)",35-2012,27.3,41.9,18.5,6.1,5.4,0.7,0.2
"Cooks, private household(1)",35-2013,27.3,41.9,18.5,6.1,5.4,0.7,0.2
"Cooks, restaurant(1)",35-2014,27.3,41.9,18.5,6.1,5.4,0.7,0.2
"Cooks, short order(1)",35-2015,27.3,41.9,18.5,6.1,5.4,0.7,0.2
"Cooks, all other(1)",35-2019,27.3,41.9,18.5,6.1,5.4,0.7,0.2
Food preparation workers,35-2021,24.0,40.0,20.4,6.7,7.4,1.2,0.3
Bartenders,35-3011,5.4,27.3,34.1,10.8,19.7,2.2,0.5
Fast food and counter workers,35-3023,14.9,38.0,25.8,7.9,11.2,1.9,0.4
Waiters and waitresses,35-3031,13.3,33.2,28.4,9.1,13.7,1.9,0.4
"Food servers, nonrestaurant",35-3041,14.9,41.9,23.7,7.7,9.9,1.7,0.1
Dining room and cafeteria attendants and bartender helpers,35-9011,22.1,42.5,19.4,7.0,7.8,1.0,0.3
Dishwashers,35-9021,36.7,42.3,13.1,3.7,3.6,0.4,0.2
"Hosts and hostesses, restaurant, lounge, and coffee shop",35-9031,10.7,32.5,27.2,11.1,15.3,2.5,0.7
"Food preparation and serving related workers, all other",35-9099,15.9,35.7,33.2,3.9,10.2,1.2,0.0
First-line supervisors of housekeeping and janitorial workers,37-1011,13.2,39.7,24.0,8.3,12.3,2.0,0.5
"First-line supervisors of landscaping, lawn service, and groundskeeping workers",37-1012,22.1,31.1,21.1,9.3,14.7,1.6,0.1
"Janitors and cleaners, except maids and housekeeping cleaners(1)",37-2011,23.1,45.0,18.7,6.5,5.5,1.1,0.3
Maids and housekeeping cleaners,37-2012,35.1,40.8,14.1,4.4,4.6,0.7,0.3
"Building cleaning workers, all other(1)",37-2019,23.1,45.0,18.7,6.5,5.5,1.1,0.3
Pest control workers,37-2021,8.8,45.1,28.8,7.0,9.1,0.7,0.6
Landscaping and groundskeeping workers,37-3011,35.5,36.0,15.6,4.8,6.6,1.2,0.2
"Pesticide handlers, sprayers, and applicators, vegetation(1)",37-3012,23.7,33.7,17.6,8.9,15.0,0.8,0.3
Tree trimmers and pruners,37-3013,32.5,40.6,12.3,5.1,7.8,1.3,0.4
"Grounds maintenance workers, all other(1)",37-3019,23.7,33.7,17.6,8.9,15.0,0.8,0.3
First-line supervisors of gambling services workers(1),39-1013,5.3,30.8,29.1,10.3,19.9,3.6,0.9
"First-line supervisors of entertainment and recreation workers, except gambling services(1)",39-1014,5.3,30.8,29.1,10.3,19.9,3.6,0.9
First-line supervisors of personal service workers(1),39-1022,5.3,30.8,29.1,10.3,19.9,3.6,0.9
Animal trainers,39-2011,7.5,25.2,23.4,8.3,29.6,4.8,1.2
Animal caretakers,39-2021,6.9,30.5,28.2,10.0,20.3,3.0,1.0
Gambling dealers(1),39-3011,9.1,34.3,28.3,9.8,15.8,1.9,0.8
Gambling and sports book writers and runners(1),39-3012,9.1,34.3,28.3,9.8,15.8,1.9,0.8
"Gambling service workers, all other(1)",39-3019,9.1,34.3,28.3,9.8,15.8,1.9,0.8
Motion picture projectionists(1),39-3021,6.0,27.7,26.8,8.7,24.3,5.7,0.9
"Ushers, lobby attendants, and ticket takers",39-3031,6.9,30.7,25.1,10.2,18.7,7.7,0.7
Amusement and recreation attendants(1),39-3091,6.0,27.7,26.8,8.7,24.3,5.7,0.9
Costume attendants(1),39-3092,6.0,27.7,26.8,8.7,24.3,5.7,0.9
"Locker room, coatroom, and dressing room attendants(1)",39-3093,6.0,27.7,26.8,8.7,24.3,5.7,0.9
"Entertainment attendants and related workers, all other(1)",39-3099,6.0,27.7,26.8,8.7,24.3,5.7,0.9
Embalmers(1),39-4011,6.3,25.3,26.8,16.8,19.7,3.8,1.4
Crematory operators(1),39-4012,6.3,25.3,26.8,16.8,19.7,3.8,1.4
Funeral attendants(1),39-4021,6.3,25.3,26.8,16.8,19.7,3.8,1.4
"Morticians, undertakers, and funeral arrangers",39-4031,3.0,8.7,17.2,37.1,25.8,4.4,3.8
Barbers,39-5011,10.4,48.0,26.8,8.4,5.5,0.8,0.1
"Hairdressers, hairstylists, and cosmetologists",39-5012,6.1,43.7,31.7,11.4,5.8,1.0,0.3
"Makeup artists, theatrical and performance(1)",39-5091,3.7,30.3,33.9,11.0,18.0,2.9,0.2
Manicurists and pedicurists,39-5092,27.4,39.8,17.0,6.9,7.5,1.1,0.4
Shampooers(1),39-5093,3.7,30.3,33.9,11.0,18.0,2.9,0.2
Skincare specialists,39-5094,2.9,23.1,36.3,15.6,18.6,2.9,0.5
Baggage porters and bellhops(1),39-6011,8.9,32.9,29.1,9.6,16.3,2.4,0.8
Concierges(1),39-6012,8.9,32.9,29.1,9.6,16.3,2.4,0.8
Tour and travel guides,39-7010,2.6,20.7,21.6,7.3,36.1,10.5,1.2
Childcare workers,39-9011,11.7,32.0,25.4,11.3,15.9,3.1,0.6
Exercise trainers and group fitness instructors,39-9031,2.1,8.8,19.4,9.7,44.8,12.4,2.7
Recreation workers,39-9032,3.9,24.7,25.6,9.7,27.6,7.3,1.2
Residential advisors,39-9041,3.9,14.7,29.2,13.5,28.4,9.0,1.3
"Personal care and service workers, all other",39-9099,10.2,27.7,28.1,9.0,19.6,4.4,1.0
First-line supervisors of retail sales workers,41-1011,5.6,29.1,28.4,10.2,21.6,4.2,1.0
First-line supervisors of non-retail sales workers,41-1012,5.1,21.0,22.5,9.1,31.7,9.2,1.4
Cashiers(1),41-2011,14.3,41.1,24.6,7.7,10.3,1.8,0.3
Gambling change persons and booth cashiers(1),41-2012,14.3,41.1,24.6,7.7,10.3,1.8,0.3
Counter and rental clerks,41-2021,7.3,35.1,27.8,8.8,17.8,2.8,0.5
Parts salespersons,41-2022,8.1,47.8,26.3,9.3,7.3,1.1,0.1
Retail salespersons,41-2031,6.3,29.6,27.7,10.2,21.5,3.8,0.7
Advertising sales agents,41-3011,1.2,10.8,19.6,6.9,52.1,8.1,1.4
Insurance sales agents,41-3021,1.1,15.0,25.6,10.5,39.5,7.1,1.3
"Securities, commodities, and financial services sales agents",41-3031,0.9,7.6,14.3,5.4,49.5,18.8,3.5
Travel agents,41-3041,3.1,19.4,27.3,11.6,31.3,5.9,1.4
"Sales representatives of services, except advertising, insurance, financial services, and travel",41-3091,2.0,13.6,21.6,8.0,44.3,9.4,1.1
"Sales representatives, wholesale and manufacturing, technical and scientific products(1)",41-4011,2.9,17.0,22.5,8.8,40.6,7.4,0.9
"Sales representatives, wholesale and manufacturing, except technical and scientific products(1)",41-4012,2.9,17.0,22.5,8.8,40.6,7.4,0.9
Demonstrators and product promoters(1),41-9011,8.1,29.3,27.5,11.4,17.3,5.5,0.9
Models(1),41-9012,8.1,29.3,27.5,11.4,17.3,5.5,0.9
Real estate brokers(1),41-9021,1.3,12.2,25.7,10.1,38.5,10.0,2.1
Real estate sales agents(1),41-9022,1.3,12.2,25.7,10.1,38.5,10.0,2.1
Sales engineers,41-9031,0.4,3.9,11.8,6.8,57.8,17.4,1.9
Telemarketers,41-9041,6.3,33.5,29.6,10.8,16.9,2.7,0.3
"Door-to-door sales workers, news and street vendors, and related workers",41-9091,12.5,29.8,23.6,8.1,19.8,5.3,1.0
"Sales and related workers, all other",41-9099,3.9,18.8,19.9,8.0,38.2,9.8,1.5
First-line supervisors of office and administrative support workers,43-1011,2.5,20.7,27.4,12.9,27.4,7.8,1.3
"Switchboard operators, including answering service",43-2011,3.2,30.8,33.3,12.9,17.3,2.5,0.0
Telephone operators,43-2021,3.2,33.2,34.6,9.7,15.0,3.8,0.5
"Communications equipment operators, all other",43-2099,2.1,18.6,26.9,9.9,33.5,8.5,0.5
Bill and account collectors,43-3011,3.6,29.5,33.6,14.2,16.6,1.9,0.6
Billing and posting clerks,43-3021,2.7,28.5,32.3,15.3,17.0,3.5,0.8
"Bookkeeping, accounting, and auditing clerks",43-3031,3.7,26.3,37.1,12.3,17.1,3.1,0.5
Gambling cage workers(1),43-3041,1.2,13.6,22.4,8.0,36.8,16.5,1.4
Payroll and timekeeping clerks,43-3051,2.4,24.4,32.6,15.1,21.6,3.4,0.6
Procurement clerks,43-3061,1.9,17.8,26.1,12.0,31.5,9.5,1.2
Tellers,43-3071,1.3,32.8,32.8,13.5,17.4,1.9,0.3
"Financial clerks, all other(1)",43-3099,1.2,13.6,22.4,8.0,36.8,16.5,1.4
Brokerage clerks(1),43-4011,2.1,19.0,26.7,14.2,28.0,8.6,1.4
Correspondence clerks(1),43-4021,7.0,34.3,26.7,10.5,18.0,2.8,0.7
"Court, municipal, and license clerks",43-4031,1.2,25.7,31.8,13.3,22.4,4.4,1.2
"Credit authorizers, checkers, and clerks",43-4041,0.9,23.3,30.1,10.3,27.8,5.7,1.9
Customer service representatives,43-4051,3.9,26.4,30.0,12.0,22.9,4.2,0.6
"Eligibility interviewers, government programs",43-4061,1.1,10.9,25.7,14.6,37.4,8.9,1.4
File clerks,43-4071,4.4,26.2,29.1,13.4,20.9,5.1,1.0
"Hotel, motel, and resort desk clerks",43-4081,6.9,29.5,32.3,12.0,15.8,2.4,1.0
"Interviewers, except eligibility and loan",43-4111,2.2,23.1,31.0,12.9,22.7,7.0,1.2
"Library assistants, clerical",43-4121,1.5,15.2,23.9,11.8,35.5,10.8,1.2
Loan interviewers and clerks,43-4131,1.6,24.6,32.1,12.9,24.6,3.7,0.5
New accounts clerks,43-4141,1.6,18.5,34.5,13.6,25.8,5.2,0.9
Order clerks(1),43-4151,7.0,34.3,26.7,10.5,18.0,2.8,0.7
"Human resources assistants, except payroll and timekeeping",43-4161,1.4,17.5,28.7,11.4,31.0,9.3,0.8
Receptionists and information clerks,43-4171,3.5,33.1,32.5,13.5,14.5,2.4,0.5
Reservation and transportation ticket agents and travel clerks,43-4181,2.5,24.5,29.9,13.9,24.8,3.7,0.7
"Information and record clerks, all other(1)",43-4199,2.1,19.0,26.7,14.2,28.0,8.6,1.4
Cargo and freight agents,43-5011,2.5,28.4,30.6,12.4,23.1,1.5,1.5
Couriers and messengers,43-5021,7.8,35.0,31.7,10.1,13.0,1.9,0.5
Public safety telecommunicators,43-5031,0.9,22.4,38.8,16.1,18.7,2.8,0.3
"Dispatchers, except police, fire, and ambulance",43-5032,6.0,34.0,32.8,11.1,13.9,1.8,0.4
"Meter readers, utilities",43-5041,2.9,46.9,30.4,14.5,4.2,1.1,0.0
Postal service clerks,43-5051,2.2,33.3,35.7,12.6,13.3,2.4,0.6
Postal service mail carriers,43-5052,2.2,34.9,35.5,11.9,13.1,2.0,0.4
"Postal service mail sorters, processors, and processing machine operators",43-5053,4.7,30.6,34.7,13.9,13.0,2.8,0.4
"Production, planning, and expediting clerks",43-5061,2.4,23.0,28.0,11.7,26.7,7.3,0.8
"Shipping, receiving, and inventory clerks",43-5071,11.9,43.6,25.9,8.0,9.0,1.4,0.3
"Weighers, measurers, checkers, and samplers, recordkeeping",43-5111,11.8,36.8,26.9,9.9,12.1,2.2,0.3
Executive secretaries and executive administrative assistants,43-6011,0.9,15.9,27.8,14.6,32.9,7.1,0.8
Legal secretaries and administrative assistants,43-6012,1.7,22.9,33.9,18.5,19.2,3.2,0.6
Medical secretaries and administrative assistants,43-6013,3.3,22.8,35.9,17.5,17.0,2.8,0.7
"Secretaries and administrative assistants, except legal, medical, and executive",43-6014,2.5,26.5,31.2,14.8,20.5,3.9,0.6
Data entry keyers,43-9021,2.8,26.2,31.6,14.4,20.8,3.6,0.6
Word processors and typists,43-9022,3.3,27.0,29.5,13.7,20.9,4.5,1.2
Desktop publishers(1),43-9031,2.1,18.7,27.5,12.4,28.3,9.7,1.3
Insurance claims and policy processing clerks,43-9041,2.0,23.2,31.7,13.4,23.3,5.3,1.2
"Mail clerks and mail machine operators, except postal service",43-9051,8.0,44.0,23.2,10.9,11.2,2.2,0.4
"Office clerks, general",43-9061,3.1,29.3,31.3,13.2,18.4,3.9,0.8
"Office machine operators, except computer",43-9071,7.7,35.2,30.3,12.4,11.8,2.3,0.2
Proofreaders and copy markers,43-9081,0.7,17.8,13.3,5.8,43.9,17.0,1.5
Statistical assistants,43-9111,2.0,14.3,26.0,9.2,32.7,14.5,1.3
"Office and administrative support workers, all other(1)",43-9199,2.1,18.7,27.5,12.4,28.3,9.7,1.3
"First-line supervisors of farming, fishing, and forestry workers",45-1011,35.3,28.9,15.6,5.1,11.2,3.1,0.7
Agricultural inspectors,45-2011,5.9,25.9,24.6,8.8,30.0,3.2,1.6
Animal breeders(1),45-2021,49.9,28.0,10.6,4.0,6.2,0.9,0.3
"Graders and sorters, agricultural products",45-2041,52.4,29.5,9.6,2.6,4.6,0.5,0.8
Agricultural equipment operators(1),45-2091,49.9,28.0,10.6,4.0,6.2,0.9,0.3
"Farmworkers and laborers, crop, nursery, and greenhouse(1)",45-2092,49.9,28.0,10.6,4.0,6.2,0.9,0.3
"Farmworkers, farm, ranch, and aquacultural animals(1)",45-2093,49.9,28.0,10.6,4.0,6.2,0.9,0.3
"Agricultural workers, all other(1)",45-2099,49.9,28.0,10.6,4.0,6.2,0.9,0.3
Fishing and hunting workers,45-3031,21.4,41.3,20.3,5.2,9.9,1.7,0.3
Forest and conservation workers,45-4011,26.0,27.6,15.8,8.0,19.0,2.8,0.9
Fallers(1),45-4021,29.9,46.7,13.6,5.6,3.7,0.5,0.0
Logging equipment operators(1),45-4022,29.9,46.7,13.6,5.6,3.7,0.5,0.0
Log graders and scalers(1),45-4023,29.9,46.7,13.6,5.6,3.7,0.5,0.0
"Logging workers, all other(1)",45-4029,29.9,46.7,13.6,5.6,3.7,0.5,0.0
First-line supervisors of construction trades and extraction workers,47-1011,15.5,42.8,23.6,6.9,9.2,1.6,0.3
Boilermakers,47-2011,11.3,53.8,27.2,4.9,2.8,0.0,0.0
Brickmasons and blockmasons(1),47-2021,33.1,43.3,15.7,4.0,3.4,0.5,0.0
Stonemasons(1),47-2022,33.1,43.3,15.7,4.0,3.4,0.5,0.0
Carpenters,47-2031,25.8,42.0,19.1,5.6,6.3,0.8,0.3
Carpet installers(1),47-2041,31.7,43.7,15.6,3.5,4.9,0.7,0.1
"Floor layers, except carpet, wood, and hard tiles(1)",47-2042,31.7,43.7,15.6,3.5,4.9,0.7,0.1
Floor sanders and finishers(1),47-2043,31.7,43.7,15.6,3.5,4.9,0.7,0.1
Tile and stone setters(1),47-2044,31.7,43.7,15.6,3.5,4.9,0.7,0.1
Cement masons and concrete finishers(1),47-2051,37.4,41.1,15.8,2.3,3.3,0.1,0.0
Terrazzo workers and finishers(1),47-2053,37.4,41.1,15.8,2.3,3.3,0.1,0.0
Construction laborers,47-2061,32.0,40.1,16.3,4.9,5.4,0.9,0.3
"Paving, surfacing, and tamping equipment operators(1)",47-2071,20.4,53.0,18.0,5.7,2.5,0.4,0.0
Pile driver operators(1),47-2072,20.4,53.0,18.0,5.7,2.5,0.4,0.0
Operating engineers and other construction equipment operators(1),47-2073,20.4,53.0,18.0,5.7,2.5,0.4,0.0
Drywall and ceiling tile installers(1),47-2081,47.1,37.6,11.5,2.2,1.5,0.2,0.1
Tapers(1),47-2082,47.1,37.6,11.5,2.2,1.5,0.2,0.1
Electricians,47-2111,7.7,37.3,31.6,15.5,6.7,1.0,0.2
Glaziers,47-2121,16.2,50.0,22.9,6.0,4.6,0.3,0.0
"Insulation workers, floor, ceiling, and wall(1)",47-2131,29.4,45.8,16.4,3.6,4.1,0.8,0.0
"Insulation workers, mechanical(1)",47-2132,29.4,45.8,16.4,3.6,4.1,0.8,0.0
"Painters, construction and maintenance(1)",47-2141,34.1,39.2,15.6,4.5,5.3,1.1,0.2
Paperhangers(1),47-2142,34.1,39.2,15.6,4.5,5.3,1.1,0.2
Pipelayers,47-2151,26.4,42.1,21.2,5.5,3.9,0.6,0.3
"Plumbers, pipefitters, and steamfitters",47-2152,14.5,46.7,25.4,7.8,4.5,0.8,0.3
Plasterers and stucco masons,47-2161,51.8,31.2,10.4,3.6,2.4,0.5,0.0
Reinforcing iron and rebar workers(1),47-2171,33.1,43.3,15.7,4.0,3.4,0.5,0.0
Roofers,47-2181,43.8,39.3,11.6,2.2,2.8,0.2,0.1
Sheet metal workers,47-2211,13.8,46.6,24.4,9.4,5.1,0.5,0.1
Structural iron and steel workers,47-2221,14.5,48.6,28.4,5.2,3.2,0.1,0.0
Solar photovoltaic installers,47-2231,9.6,26.2,33.5,18.4,8.2,3.2,0.9
"Helpers--brickmasons, blockmasons, stonemasons, and tile and marble setters(1)",47-3011,34.3,38.8,16.6,4.1,5.0,1.0,0.1
Helpers--carpenters(1),47-3012,34.3,38.8,16.6,4.1,5.0,1.0,0.1
Helpers--electricians(1),47-3013,34.3,38.8,16.6,4.1,5.0,1.0,0.1
"Helpers--painters, paperhangers, plasterers, and stucco masons(1)",47-3014,34.3,38.8,16.6,4.1,5.0,1.0,0.1
"Helpers--pipelayers, plumbers, pipefitters, and steamfitters(1)",47-3015,34.3,38.8,16.6,4.1,5.0,1.0,0.1
Helpers--roofers(1),47-3016,34.3,38.8,16.6,4.1,5.0,1.0,0.1
"Helpers, construction trades, all other(1)",47-3019,34.3,38.8,16.6,4.1,5.0,1.0,0.1
Construction and building inspectors,47-4011,1.6,26.4,29.3,13.6,22.2,6.2,0.7
Elevator and escalator installers and repairers,47-4021,3.5,41.7,32.3,9.9,10.8,1.7,0.2
Fence erectors,47-4031,28.6,44.6,18.3,3.5,4.4,0.6,0.0
Hazardous materials removal workers,47-4041,13.1,47.8,23.1,6.0,7.8,2.2,0.0
Highway maintenance workers,47-4051,12.1,53.2,23.0,7.5,3.5,0.4,0.2
Rail-track laying and maintenance equipment operators,47-4061,9.6,54.5,27.6,5.4,2.9,0.0,0.0
Septic tank servicers and sewer pipe cleaners(1),47-4071,22.0,47.3,18.5,5.7,6.0,0.3,0.2
Miscellaneous construction and related workers(1),47-4090,22.0,47.3,18.5,5.7,6.0,0.3,0.2
"Derrick operators, oil and gas(1)",47-5011,17.6,47.3,25.3,3.7,5.7,0.4,0.1
"Rotary drill operators, oil and gas(1)",47-5012,17.6,47.3,25.3,3.7,5.7,0.4,0.1
"Service unit operators, oil and gas(1)",47-5013,17.6,47.3,25.3,3.7,5.7,0.4,0.1
"Excavating and loading machine and dragline operators, surface mining(1)",47-5022,19.7,52.0,18.8,5.3,3.9,0.1,0.1
"Earth drillers, except oil and gas(1)",47-5023,19.7,52.0,18.8,5.3,3.9,0.1,0.1
"Explosives workers, ordnance handling experts, and blasters",47-5032,7.2,41.9,27.2,6.4,13.0,3.6,0.6
Continuous mining machine operators(1),47-5041,11.3,53.8,23.2,6.3,5.0,0.4,0.0
"Roof bolters, mining(1)",47-5043,11.3,53.8,23.2,6.3,5.0,0.4,0.0
"Loading and moving machine operators, underground mining(1)",47-5044,11.3,53.8,23.2,6.3,5.0,0.4,0.0
"Underground mining machine operators, all other(1)",47-5049,11.3,53.8,23.2,6.3,5.0,0.4,0.0
"Rock splitters, quarry(1)",47-5051,16.4,48.3,22.0,5.2,7.3,0.7,0.1
"Roustabouts, oil and gas(1)",47-5071,17.6,47.3,25.3,3.7,5.7,0.4,0.1
Helpers--extraction workers(1),47-5081,16.4,48.3,22.0,5.2,7.3,0.7,0.1
"Extraction workers, all other(1)",47-5099,16.4,48.3,22.0,5.2,7.3,0.7,0.1
"First-line supervisors of mechanics, installers, and repairers",49-1011,6.8,37.5,28.0,13.0,11.5,3.0,0.3
"Computer, automated teller, and office machine repairers",49-2011,2.7,19.5,32.4,20.3,21.1,3.4,0.6
"Radio, cellular, and tower equipment installers and repairers(1)",49-2021,4.3,28.8,33.8,18.0,12.6,2.2,0.2
"Telecommunications equipment installers and repairers, except line installers(1)",49-2022,4.3,28.8,33.8,18.0,12.6,2.2,0.2
Avionics technicians,49-2091,1.6,22.5,41.3,22.7,10.2,1.7,0.0
"Electric motor, power tool, and related repairers",49-2092,6.7,44.3,28.4,11.6,8.3,0.7,0.0
"Electrical and electronics installers and repairers, transportation equipment(1)",49-2093,8.3,30.1,30.8,16.9,13.0,0.7,0.2
"Electrical and electronics repairers, commercial and industrial equipment(1)",49-2094,8.3,30.1,30.8,16.9,13.0,0.7,0.2
"Electrical and electronics repairers, powerhouse, substation, and relay(1)",49-2095,8.3,30.1,30.8,16.9,13.0,0.7,0.2
"Electronic equipment installers and repairers, motor vehicles(1)",49-2096,8.3,30.1,30.8,16.9,13.0,0.7,0.2
Audiovisual equipment installers and repairers,49-2097,5.2,35.7,29.9,15.3,11.7,2.2,0.0
Security and fire alarm systems installers,49-2098,7.2,34.1,35.6,13.0,9.2,0.7,0.2
Aircraft mechanics and service technicians,49-3011,3.2,25.9,37.0,22.4,9.6,1.5,0.5
Automotive body and related repairers,49-3021,22.2,47.2,18.7,8.7,2.7,0.4,0.1
Automotive glass installers and repairers,49-3022,16.4,50.7,26.8,3.4,2.3,0.1,0.3
Automotive service technicians and mechanics,49-3023,16.4,43.5,23.2,12.5,4.0,0.4,0.2
Bus and truck mechanics and diesel engine specialists,49-3031,13.4,46.6,23.0,13.6,3.1,0.4,0.1
Farm equipment mechanics and service technicians(1),49-3041,12.0,47.3,23.4,13.1,3.3,0.6,0.2
"Mobile heavy equipment mechanics, except engines(1)",49-3042,12.0,47.3,23.4,13.1,3.3,0.6,0.2
Rail car repairers(1),49-3043,12.0,47.3,23.4,13.1,3.3,0.6,0.2
Motorboat mechanics and service technicians(1),49-3051,13.6,44.2,27.0,9.7,3.9,0.6,1.0
Motorcycle mechanics(1),49-3052,13.6,44.2,27.0,9.7,3.9,0.6,1.0
Outdoor power equipment and other small engine mechanics(1),49-3053,13.6,44.2,27.0,9.7,3.9,0.6,1.0
Bicycle repairers(1),49-3091,20.7,47.0,19.9,5.7,5.6,1.0,0.1
Recreational vehicle service technicians(1),49-3092,20.7,47.0,19.9,5.7,5.6,1.0,0.1
Tire repairers and changers(1),49-3093,20.7,47.0,19.9,5.7,5.6,1.0,0.1
Mechanical door repairers(1),49-9011,4.0,40.9,31.9,16.9,5.8,0.5,0.1
"Control and valve installers and repairers, except mechanical door(1)",49-9012,4.0,40.9,31.9,16.9,5.8,0.5,0.1
"Heating, air conditioning, and refrigeration mechanics and installers",49-9021,10.6,40.1,29.1,14.4,4.8,0.9,0.2
Home appliance repairers,49-9031,13.7,38.6,29.0,10.6,6.8,0.6,0.7
Industrial machinery mechanics(1),49-9041,9.3,42.5,26.8,14.5,5.9,0.9,0.2
"Maintenance workers, machinery",49-9043,10.1,46.5,24.0,10.5,7.6,0.7,0.5
Millwrights,49-9044,7.0,45.5,27.9,13.1,5.2,1.1,0.2
"Refractory materials repairers, except brickmasons(1)",49-9045,9.3,42.5,26.8,14.5,5.9,0.9,0.2
Electrical power-line installers and repairers,49-9051,5.3,38.8,32.4,17.0,5.3,0.8,0.3
Telecommunications line installers and repairers,49-9052,5.8,38.3,31.8,12.8,9.6,1.5,0.2
Camera and photographic equipment repairers(1),49-9061,3.5,25.1,27.4,20.4,19.4,3.7,0.6
Medical equipment repairers(1),49-9062,3.5,25.1,27.4,20.4,19.4,3.7,0.6
Musical instrument repairers and tuners(1),49-9063,3.5,25.1,27.4,20.4,19.4,3.7,0.6
Watch and clock repairers(1),49-9064,3.5,25.1,27.4,20.4,19.4,3.7,0.6
"Precision instrument and equipment repairers, all other(1)",49-9069,3.5,25.1,27.4,20.4,19.4,3.7,0.6
"Maintenance and repair workers, general",49-9071,11.6,41.2,26.4,12.1,7.4,1.0,0.2
Wind turbine service technicians(1),49-9081,13.1,39.6,26.6,9.8,9.3,1.3,0.2
"Coin, vending, and amusement machine servicers and repairers",49-9091,9.1,41.9,30.0,10.0,7.3,1.1,0.7
Commercial divers(1),49-9092,13.1,39.6,26.6,9.8,9.3,1.3,0.2
Locksmiths and safe repairers,49-9094,5.5,43.1,29.2,9.2,11.7,1.1,0.2
Manufactured building and mobile home installers(1),49-9095,13.1,39.6,26.6,9.8,9.3,1.3,0.2
Riggers,49-9096,6.8,45.2,25.9,9.6,12.1,0.5,0.0
Signal and track switch repairers(1),49-9097,13.1,39.6,26.6,9.8,9.3,1.3,0.2
"Helpers--installation, maintenance, and repair workers",49-9098,33.9,43.8,14.8,3.7,2.7,0.3,0.8
"Installation, maintenance, and repair workers, all other(1)",49-9099,13.1,39.6,26.6,9.8,9.3,1.3,0.2
First-line supervisors of production and operating workers,51-1011,10.0,38.5,25.6,9.1,13.2,3.1,0.6
"Aircraft structure, surfaces, rigging, and systems assemblers(1)",51-2011,16.4,46.1,23.0,7.6,5.9,0.8,0.2
"Coil winders, tapers, and finishers(1)",51-2021,17.7,45.0,21.0,7.5,7.2,1.1,0.5
"Electrical, electronic, and electromechanical assemblers, except coil winders, tapers, and finishers(1)",51-2028,17.7,45.0,21.0,7.5,7.2,1.1,0.5
Engine and other machine assemblers,51-2031,13.0,46.4,31.2,5.2,4.2,0.0,0.0
Structural metal fabricators and fitters,51-2041,13.3,47.3,24.3,9.2,5.1,0.7,0.0
Fiberglass laminators and fabricators(1),51-2051,16.4,46.1,23.0,7.6,5.9,0.8,0.2
Timing device assemblers and adjusters(1),51-2061,16.4,46.1,23.0,7.6,5.9,0.8,0.2
Miscellaneous assemblers and fabricators(1),51-2090,16.4,46.1,23.0,7.6,5.9,0.8,0.2
Bakers,51-3011,20.4,37.9,20.3,8.6,10.8,1.5,0.5
Butchers and meat cutters(1),51-3021,29.5,43.7,17.8,4.5,3.8,0.6,0.1
"Meat, poultry, and fish cutters and trimmers(1)",51-3022,29.5,43.7,17.8,4.5,3.8,0.6,0.1
Slaughterers and meat packers(1),51-3023,29.5,43.7,17.8,4.5,3.8,0.6,0.1
"Food and tobacco roasting, baking, and drying machine operators and tenders",51-3091,14.1,45.8,19.7,4.2,13.8,1.9,0.5
Food batchmakers,51-3092,19.5,40.8,22.3,8.0,7.0,1.7,0.7
Food cooking machine operators and tenders,51-3093,23.5,43.4,20.6,5.5,6.1,0.8,0.0
"Food processing workers, all other",51-3099,25.4,43.5,20.6,5.0,4.8,0.5,0.2
"Extruding and drawing machine setters, operators, and tenders, metal and plastic(1)",51-4021,12.9,50.3,23.8,7.4,3.9,1.7,0.0
"Forging machine setters, operators, and tenders, metal and plastic(1)",51-4022,12.9,50.3,23.8,7.4,3.9,1.7,0.0
"Rolling machine setters, operators, and tenders, metal and plastic(1)",51-4023,12.9,50.3,23.8,7.4,3.9,1.7,0.0
"Cutting, punching, and press machine setters, operators, and tenders, metal and plastic",51-4031,17.3,52.0,20.1,6.8,3.2,0.4,0.3
"Drilling and boring machine tool setters, operators, and tenders, metal and plastic(1)",51-4032,19.2,52.0,22.2,3.6,0.8,2.2,0.0
"Grinding, lapping, polishing, and buffing machine tool setters, operators, and tenders, metal and plastic",51-4033,22.6,50.6,17.4,5.1,3.7,0.4,0.2
"Lathe and turning machine tool setters, operators, and tenders, metal and plastic(1)",51-4034,19.2,52.0,22.2,3.6,0.8,2.2,0.0
"Milling and planing machine setters, operators, and tenders, metal and plastic(1)",51-4035,19.2,52.0,22.2,3.6,0.8,2.2,0.0
Machinists,51-4041,9.7,44.6,28.5,12.7,4.2,0.3,0.2
Metal-refining furnace operators and tenders(1),51-4051,12.9,45.6,27.6,6.1,7.5,0.4,0.0
"Pourers and casters, metal(1)",51-4052,12.9,45.6,27.6,6.1,7.5,0.4,0.0
"Model makers, metal and plastic(1)",51-4061,14.6,46.2,24.0,8.6,5.3,1.2,0.1
"Patternmakers, metal and plastic(1)",51-4062,14.6,46.2,24.0,8.6,5.3,1.2,0.1
Foundry mold and coremakers(1),51-4071,14.6,46.2,24.0,8.6,5.3,1.2,0.1
"Molding, coremaking, and casting machine setters, operators, and tenders, metal and plastic(1)",51-4072,14.6,46.2,24.0,8.6,5.3,1.2,0.1
"Multiple machine tool setters, operators, and tenders, metal and plastic(1)",51-4081,18.5,48.2,21.1,6.6,4.8,0.7,0.1
Tool and die makers,51-4111,5.5,40.3,36.0,13.8,3.2,0.7,0.5
"Welders, cutters, solderers, and brazers(1)",51-4121,18.6,46.3,23.4,8.7,2.5,0.4,0.2
"Welding, soldering, and brazing machine setters, operators, and tenders(1)",51-4122,18.6,46.3,23.4,8.7,2.5,0.4,0.2
"Heat treating equipment setters, operators, and tenders, metal and plastic(1)",51-4191,18.5,48.2,21.1,6.6,4.8,0.7,0.1
"Layout workers, metal and plastic(1)",51-4192,18.5,48.2,21.1,6.6,4.8,0.7,0.1
"Plating machine setters, operators, and tenders, metal and plastic(1)",51-4193,18.5,48.2,21.1,6.6,4.8,0.7,0.1
"Tool grinders, filers, and sharpeners(1)",51-4194,18.5,48.2,21.1,6.6,4.8,0.7,0.1
"Metal workers and plastic workers, all other(1)",51-4199,18.5,48.2,21.1,6.6,4.8,0.7,0.1
Prepress technicians and workers,51-5111,4.9,38.1,23.7,14.8,15.8,2.1,0.6
Printing press operators,51-5112,12.0,45.1,23.8,9.0,8.7,0.9,0.5
Print binding and finishing workers,51-5113,15.7,43.0,23.0,10.5,7.6,0.2,0.0
Laundry and dry-cleaning workers,51-6011,35.0,43.4,13.2,2.9,4.8,0.5,0.1
"Pressers, textile, garment, and related materials",51-6021,42.1,38.6,12.6,3.9,1.7,1.1,0.0
Sewing machine operators,51-6031,37.1,36.5,13.1,5.2,6.4,1.3,0.4
Shoe and leather workers and repairers(1),51-6041,30.2,36.7,17.7,6.7,7.3,1.1,0.2
Shoe machine operators and tenders(1),51-6042,30.2,36.7,17.7,6.7,7.3,1.1,0.2
"Sewers, hand(1)",51-6051,24.7,32.1,17.5,7.0,15.7,2.5,0.4
"Tailors, dressmakers, and custom sewers(1)",51-6052,24.7,32.1,17.5,7.0,15.7,2.5,0.4
Textile bleaching and dyeing machine operators and tenders(1),51-6061,27.2,45.0,15.4,5.6,3.4,3.4,0.0
"Textile cutting machine setters, operators, and tenders(1)",51-6062,27.2,45.0,15.4,5.6,3.4,3.4,0.0
"Textile knitting and weaving machine setters, operators, and tenders(1)",51-6063,27.2,45.0,15.4,5.6,3.4,3.4,0.0
"Textile winding, twisting, and drawing out machine setters, operators, and tenders(1)",51-6064,27.2,45.0,15.4,5.6,3.4,3.4,0.0
"Extruding and forming machine setters, operators, and tenders, synthetic and glass fibers(1)",51-6091,24.2,35.3,19.5,8.5,10.0,2.3,0.2
Fabric and apparel patternmakers(1),51-6092,24.2,35.3,19.5,8.5,10.0,2.3,0.2
Upholsterers,51-6093,33.5,38.8,15.9,6.9,3.8,1.1,0.1
"Textile, apparel, and furnishings workers, all other(1)",51-6099,24.2,35.3,19.5,8.5,10.0,2.3,0.2
Cabinetmakers and bench carpenters,51-7011,17.7,47.0,18.3,8.2,6.9,1.2,0.7
Furniture finishers,51-7021,28.9,36.0,21.7,6.1,4.5,2.3,0.6
"Model makers, wood(1)",51-7031,16.0,35.8,21.7,8.3,14.0,3.7,0.5
"Patternmakers, wood(1)",51-7032,16.0,35.8,21.7,8.3,14.0,3.7,0.5
"Sawing machine setters, operators, and tenders, wood",51-7041,34.4,44.7,11.8,4.4,2.4,2.1,0.1
"Woodworking machine setters, operators, and tenders, except sawing",51-7042,22.5,47.9,21.0,5.2,3.3,0.1,0.0
"Woodworkers, all other(1)",51-7099,16.0,35.8,21.7,8.3,14.0,3.7,0.5
Nuclear power reactor operators(1),51-8011,1.9,30.3,30.3,18.2,16.3,2.5,0.5
Power distributors and dispatchers(1),51-8012,1.9,30.3,30.3,18.2,16.3,2.5,0.5
Power plant operators(1),51-8013,1.9,30.3,30.3,18.2,16.3,2.5,0.5
Stationary engineers and boiler operators,51-8021,6.7,34.7,26.0,10.6,15.2,5.6,1.1
Water and wastewater treatment plant and system operators,51-8031,3.0,36.6,31.1,13.3,13.4,2.4,0.2
Chemical plant and system operators(1),51-8091,9.2,33.9,33.7,11.2,11.1,0.6,0.3
Gas plant operators(1),51-8092,9.2,33.9,33.7,11.2,11.1,0.6,0.3
"Petroleum pump system operators, refinery operators, and gaugers(1)",51-8093,9.2,33.9,33.7,11.2,11.1,0.6,0.3
"Plant and system operators, all other(1)",51-8099,9.2,33.9,33.7,11.2,11.1,0.6,0.3
Chemical equipment operators and tenders(1),51-9011,5.1,32.4,25.7,9.6,22.5,4.2,0.5
"Separating, filtering, clarifying, precipitating, and still machine setters, operators, and tenders(1)",51-9012,5.1,32.4,25.7,9.6,22.5,4.2,0.5
"Crushing, grinding, and polishing machine setters, operators, and tenders(1)",51-9021,18.7,46.1,20.5,8.8,4.8,0.8,0.2
"Grinding and polishing workers, hand(1)",51-9022,18.7,46.1,20.5,8.8,4.8,0.8,0.2
"Mixing and blending machine setters, operators, and tenders(1)",51-9023,18.7,46.1,20.5,8.8,4.8,0.8,0.2
"Cutters and trimmers, hand(1)",51-9031,31.2,44.3,16.8,3.9,3.0,0.8,0.1
"Cutting and slicing machine setters, operators, and tenders(1)",51-9032,31.2,44.3,16.8,3.9,3.0,0.8,0.1
"Extruding, forming, pressing, and compacting machine setters, operators, and tenders",51-9041,16.6,52.2,17.8,6.4,4.5,2.0,0.5
"Furnace, kiln, oven, drier, and kettle operators and tenders",51-9051,7.5,45.5,29.1,8.3,9.4,0.2,0.0
"Inspectors, testers, sorters, samplers, and weighers",51-9061,9.0,36.3,26.0,11.4,13.6,3.1,0.7
Jewelers and precious stone and metal workers,51-9071,12.5,25.9,24.0,7.7,22.0,5.2,2.7
Dental laboratory technicians(1),51-9081,4.9,26.0,34.7,16.9,14.4,2.2,0.8
Medical appliance technicians(1),51-9082,4.9,26.0,34.7,16.9,14.4,2.2,0.8
Ophthalmic laboratory technicians(1),51-9083,4.9,26.0,34.7,16.9,14.4,2.2,0.8
Packaging and filling machine operators and tenders,51-9111,32.6,41.0,15.5,4.8,5.0,0.9,0.2
"Painting, coating, and decorating workers(1)",51-9123,20.5,48.0,20.0,6.7,3.9,0.8,0.1
"Coating, painting, and spraying machine setters, operators, and tenders(1)",51-9124,20.5,48.0,20.0,6.7,3.9,0.8,0.1
Semiconductor processing technicians(1),51-9141,17.8,45.8,21.4,7.0,6.6,1.2,0.3
Photographic process workers and processing machine operators,51-9151,4.0,18.1,20.2,8.6,39.8,8.3,1.0
Computer numerically controlled tool operators(1),51-9161,9.0,38.0,30.1,14.1,7.6,0.9,0.3
Computer numerically controlled tool programmers(1),51-9162,9.0,38.0,30.1,14.1,7.6,0.9,0.3
Adhesive bonding machine operators and tenders,51-9191,18.7,43.3,21.8,12.8,1.5,1.9,0.0
"Cleaning, washing, and metal pickling equipment operators and tenders(1)",51-9192,17.8,45.8,21.4,7.0,6.6,1.2,0.3
Cooling and freezing equipment operators and tenders(1),51-9193,17.8,45.8,21.4,7.0,6.6,1.2,0.3
Etchers and engravers,51-9194,13.3,28.1,24.1,8.6,23.8,2.1,0.0
"Molders, shapers, and casters, except metal and plastic",51-9195,22.5,30.3,19.7,7.3,15.5,3.4,1.3
"Paper goods machine setters, operators, and tenders",51-9196,16.2,46.8,21.1,11.0,4.9,0.2,0.0
Tire builders,51-9197,5.3,51.4,31.7,6.7,4.4,0.5,0.0
Helpers--production workers,51-9198,24.4,46.7,15.6,4.5,6.3,1.8,0.7
"Production workers, all other(1)",51-9199,17.8,45.8,21.4,7.0,6.6,1.2,0.3
Aircraft cargo handling supervisors(1),53-1041,7.0,35.6,29.6,10.8,13.5,2.9,0.5
"First-line supervisors of transportation and material moving workers, except aircraft cargo handling supervisors(1)",53-1047,7.0,35.6,29.6,10.8,13.5,2.9,0.5
"Airline pilots, copilots, and flight engineers(1)",53-2011,0.6,4.6,13.0,7.2,57.2,14.6,2.7
Commercial pilots(1),53-2012,0.6,4.6,13.0,7.2,57.2,14.6,2.7
Air traffic controllers(1),53-2021,0.3,12.6,31.1,14.1,34.7,6.6,0.6
Airfield operations specialists(1),53-2022,0.3,12.6,31.1,14.1,34.7,6.6,0.6
Flight attendants,53-2031,0.6,14.1,31.9,11.1,36.0,5.0,1.2
"Ambulance drivers and attendants, except emergency medical technicians",53-3011,3.4,50.2,26.9,9.0,9.0,1.4,0.0
Driver/sales workers(1),53-3031,15.6,47.4,23.1,6.6,6.1,1.0,0.2
Heavy and tractor-trailer truck drivers(1),53-3032,15.6,47.4,23.1,6.6,6.1,1.0,0.2
Light truck drivers(1),53-3033,15.6,47.4,23.1,6.6,6.1,1.0,0.2
"Bus drivers, school",53-3051,7.7,43.2,29.4,9.3,8.0,2.0,0.5
"Bus drivers, transit and intercity",53-3052,8.5,42.3,28.8,9.2,9.0,1.8,0.3
Shuttle drivers and chauffeurs,53-3053,11.9,36.8,25.0,7.9,13.6,3.6,1.1
Taxi drivers,53-3054,12.3,31.3,25.6,8.5,17.3,3.9,1.1
"Motor vehicle operators, all other",53-3099,11.6,37.9,27.1,9.1,11.2,2.5,0.5
Locomotive engineers(1),53-4011,1.6,37.6,36.5,10.3,11.8,1.8,0.3
"Rail yard engineers, dinkey operators, and hostlers(1)",53-4013,1.6,37.6,36.5,10.3,11.8,1.8,0.3
"Railroad brake, signal, and switch operators and locomotive firers(1)",53-4022,3.1,37.7,33.0,11.0,12.5,2.7,0.1
Railroad conductors and yardmasters,53-4031,2.2,39.4,34.6,10.6,12.0,1.2,0.0
Subway and streetcar operators(1),53-4041,3.1,37.7,33.0,11.0,12.5,2.7,0.1
"Rail transportation workers, all other(1)",53-4099,3.1,37.7,33.0,11.0,12.5,2.7,0.1
Sailors and marine oilers(1),53-5011,7.2,43.7,24.7,6.1,14.4,3.7,0.3
"Captains, mates, and pilots of water vessels(1)",53-5021,10.1,32.8,29.0,6.5,15.9,4.6,1.1
Motorboat operators(1),53-5022,10.1,32.8,29.0,6.5,15.9,4.6,1.1
Ship engineers(1),53-5031,7.2,43.7,24.7,6.1,14.4,3.7,0.3
Bridge and lock tenders(1),53-6011,3.9,39.1,25.2,13.2,15.5,2.8,0.3
Parking attendants,53-6021,14.2,42.2,23.9,8.2,9.1,1.5,0.8
Automotive and watercraft service attendants(1),53-6031,14.2,46.6,24.8,8.6,4.8,0.9,0.0
Aircraft service attendants(1),53-6032,14.2,46.6,24.8,8.6,4.8,0.9,0.0
Traffic technicians(1),53-6041,3.9,39.1,25.2,13.2,15.5,2.8,0.3
Transportation inspectors,53-6051,5.8,27.9,30.6,14.1,17.9,3.0,0.7
Passenger attendants,53-6061,12.4,42.9,24.9,9.2,7.7,2.7,0.2
"Transportation workers, all other(1)",53-6099,3.9,39.1,25.2,13.2,15.5,2.8,0.3
Conveyor operators and tenders(1),53-7011,16.4,57.7,20.1,2.9,2.2,0.7,0.0
Crane and tower operators,53-7021,10.6,55.9,22.6,6.2,3.9,0.7,0.1
Dredge operators(1),53-7031,16.4,57.7,20.1,2.9,2.2,0.7,0.0
Hoist and winch operators(1),53-7041,16.4,57.7,20.1,2.9,2.2,0.7,0.0
Industrial truck and tractor operators,53-7051,19.6,50.8,20.5,5.4,3.1,0.4,0.2
Cleaners of vehicles and equipment,53-7061,29.2,43.2,16.7,5.1,4.8,0.8,0.2
"Laborers and freight, stock, and material movers, hand",53-7062,17.1,47.4,21.4,6.5,6.4,0.9,0.2
Machine feeders and offbearers,53-7063,17.6,49.5,16.5,6.6,8.6,1.0,0.3
"Packers and packagers, hand",53-7064,30.5,41.0,16.6,5.5,5.3,0.8,0.4
Stockers and order fillers,53-7065,12.7,43.0,24.7,8.3,9.5,1.5,0.4
Gas compressor and gas pumping station operators(1),53-7071,14.0,43.8,22.3,7.7,10.0,2.2,0.0
"Pump operators, except wellhead pumpers(1)",53-7072,14.0,43.8,22.3,7.7,10.0,2.2,0.0
Wellhead pumpers(1),53-7073,14.0,43.8,22.3,7.7,10.0,2.2,0.0
Refuse and recyclable material collectors,53-7081,23.3,46.9,18.0,5.0,6.3,0.3,0.1
"Tank car, truck, and ship loaders(1)",53-7121,19.8,48.2,19.1,6.2,5.7,0.8,0.1
"Material moving workers, all other(1)",53-7199,19.8,48.2,19.1,6.2,5.7,0.8,0.1
Footnotes:,,,,,,,,
(1) This occupation is not an exact match with ACS; see https://www.bls.gov/emp/classifications-crosswalks/NEM-OccCode-ACS-Crosswalk.xlsx for details,,,,,,,,
"Data Source: 2018 American Community Survey Public Use Microdata, U.S. Department of Commerce, U.S. Census Bureau",,,,,,,,
"Table Source: Employment Projections program, U.S. Bureau of Labor Statistics",,,,,,,,
